date_time,temperature,description
23-07-2022 08:52:15,27.03,clear sky
23-07-2022 10:08:45,28.03,few clouds
23-07-2022 13:06:29,29.03,scattered clouds
23-07-2022 16:12:24,28.03,few clouds
23-07-2022 19:06:41,26.03,scattered clouds
23-07-2022 22:08:03,24.03,few clouds
24-07-2022 01:06:12,24.03,scattered clouds
24-07-2022 04:42:31,24.03,few clouds
24-07-2022 07:50:44,25.03,scattered clouds
24-07-2022 10:08:49,27.03,broken clouds
24-07-2022 13:06:45,28.03,few clouds
24-07-2022 16:12:02,26.03,few clouds
24-07-2022 19:06:48,24.03,scattered clouds
24-07-2022 22:08:48,23.03,scattered clouds
25-07-2022 01:06:14,23.03,broken clouds
25-07-2022 04:40:21,23.03,few clouds
25-07-2022 08:00:59,23.03,scattered clouds
25-07-2022 10:10:40,23.03,few clouds
25-07-2022 13:07:34,25.03,scattered clouds
25-07-2022 16:14:13,27.03,clear sky
25-07-2022 19:07:14,25.03,clear sky
25-07-2022 22:08:33,22.03,clear sky
26-07-2022 01:06:22,21.03,clear sky
26-07-2022 04:41:45,19.03,clear sky
26-07-2022 08:20:28,26.03,clear sky
26-07-2022 10:10:18,28.03,clear sky
26-07-2022 13:07:04,30.03,clear sky
26-07-2022 16:13:28,29.03,clear sky
26-07-2022 19:07:41,27.03,clear sky
26-07-2022 22:08:31,25.03,clear sky
27-07-2022 01:06:12,23.03,clear sky
27-07-2022 04:42:27,21.03,clear sky
27-07-2022 08:02:35,26.03,clear sky
27-07-2022 10:09:22,30.03,clear sky
27-07-2022 13:06:51,33.03,clear sky
27-07-2022 16:15:35,34.03,clear sky
27-07-2022 19:07:41,31.03,clear sky
27-07-2022 22:08:32,28.03,clear sky
28-07-2022 01:06:25,26.03,scattered clouds
28-07-2022 04:39:05,25.03,few clouds
28-07-2022 07:57:29,26.03,few clouds
28-07-2022 10:09:26,26.03,broken clouds
28-07-2022 13:06:52,27.03,broken clouds
28-07-2022 16:16:39,28.03,few clouds
28-07-2022 19:07:02,26.03,few clouds
28-07-2022 22:09:02,25.03,scattered clouds
29-07-2022 01:06:39,25.03,scattered clouds
29-07-2022 04:40:14,24.03,clear sky
29-07-2022 08:01:48,26.03,few clouds
29-07-2022 10:09:13,29.03,clear sky
29-07-2022 13:07:04,30.03,clear sky
29-07-2022 16:13:42,29.03,clear sky
29-07-2022 19:11:43,27.03,clear sky
29-07-2022 22:08:56,24.03,clear sky
30-07-2022 01:06:06,23.03,clear sky
30-07-2022 04:35:19,22.03,clear sky
30-07-2022 07:59:13,26.03,clear sky
30-07-2022 10:08:25,30.03,clear sky
30-07-2022 13:06:30,31.03,clear sky
30-07-2022 16:11:13,31.03,clear sky
30-07-2022 19:06:41,29.03,clear sky
30-07-2022 22:07:41,27.03,clear sky
31-07-2022 01:05:38,23.03,clear sky
31-07-2022 04:38:58,24.03,clear sky
31-07-2022 07:53:53,26.03,scattered clouds
31-07-2022 10:08:29,27.03,scattered clouds
31-07-2022 13:06:33,32.03,clear sky
31-07-2022 16:13:12,32.03,clear sky
31-07-2022 19:06:47,27.03,clear sky
31-07-2022 22:07:37,25.03,clear sky
01-08-2022 01:05:47,24.03,clear sky
01-08-2022 04:48:07,22.03,clear sky
01-08-2022 08:22:10,26.03,scattered clouds
01-08-2022 10:23:41,29.03,clear sky
01-08-2022 13:07:58,32.03,clear sky
01-08-2022 16:15:09,32.03,clear sky
01-08-2022 19:08:21,29.03,clear sky
01-08-2022 22:09:02,27.03,clear sky
02-08-2022 01:06:33,25.03,clear sky
02-08-2022 04:43:42,23.03,clear sky
02-08-2022 08:20:09,29.03,clear sky
02-08-2022 10:10:12,32.03,clear sky
02-08-2022 13:06:57,33.03,clear sky
02-08-2022 16:17:18,33.03,clear sky
02-08-2022 19:07:08,30.03,clear sky
02-08-2022 22:10:17,26.03,clear sky
03-08-2022 01:06:57,24.03,clear sky
03-08-2022 04:44:54,22.03,clear sky
03-08-2022 08:16:35,27.03,few clouds
03-08-2022 10:09:27,32.03,clear sky
03-08-2022 13:07:00,34.03,clear sky
03-08-2022 16:13:39,34.03,few clouds
03-08-2022 19:07:52,31.03,clear sky
03-08-2022 22:09:09,28.03,clear sky
04-08-2022 01:06:41,27.03,few clouds
04-08-2022 04:43:17,26.03,scattered clouds
04-08-2022 07:49:43,28.03,clear sky
04-08-2022 10:10:18,31.03,clear sky
04-08-2022 13:06:53,33.03,clear sky
04-08-2022 16:12:51,32.03,clear sky
04-08-2022 19:07:34,30.03,clear sky
04-08-2022 22:08:42,27.03,clear sky
05-08-2022 01:06:24,26.03,clear sky
05-08-2022 04:46:44,24.03,clear sky
05-08-2022 07:59:13,27.03,clear sky
05-08-2022 10:09:12,30.03,clear sky
05-08-2022 13:07:10,34.03,clear sky
05-08-2022 16:13:19,31.03,clear sky
05-08-2022 19:07:20,29.03,clear sky
05-08-2022 22:08:55,27.03,clear sky
06-08-2022 01:06:23,27.03,few clouds
06-08-2022 04:38:21,27.03,scattered clouds
06-08-2022 07:38:42,26.03,few clouds
06-08-2022 10:08:43,26.03,few clouds
06-08-2022 13:15:59,30.03,few clouds
06-08-2022 16:29:01,29.03,few clouds
06-08-2022 19:16:50,27.03,few clouds
06-08-2022 22:20:24,27.03,clear sky
07-08-2022 01:15:35,26.03,clear sky
07-08-2022 05:48:13,25.03,few clouds
07-08-2022 07:44:44,26.03,few clouds
07-08-2022 10:20:57,28.03,few clouds
07-08-2022 13:15:48,29.03,scattered clouds
07-08-2022 16:29:49,30.03,clear sky
07-08-2022 19:16:48,28.03,scattered clouds
07-08-2022 22:20:31,25.03,light intensity shower rain
08-08-2022 01:14:15,26.03,light intensity shower rain
08-08-2022 05:40:41,24.03,scattered clouds
08-08-2022 07:56:59,24.03,light intensity shower rain
08-08-2022 13:17:06,28.03,few clouds
08-08-2022 16:34:49,25.03,scattered clouds
08-08-2022 22:22:23,25.03,few clouds
09-08-2022 01:15:12,26.03,clear sky
09-08-2022 05:50:38,25.03,few clouds
09-08-2022 07:59:08,26.03,few clouds
09-08-2022 10:23:44,27.03,scattered clouds
09-08-2022 13:18:29,28.03,few clouds
09-08-2022 16:38:50,30.03,clear sky
09-08-2022 19:19:52,27.03,clear sky
09-08-2022 22:20:59,25.03,clear sky
10-08-2022 01:15:26,23.03,clear sky
10-08-2022 05:36:39,23.03,clear sky
10-08-2022 07:37:48,26.03,clear sky
10-08-2022 10:23:27,28.03,clear sky
10-08-2022 13:17:17,31.03,clear sky
10-08-2022 16:34:43,32.03,clear sky
10-08-2022 19:17:55,29.03,clear sky
10-08-2022 22:20:59,25.03,clear sky
11-08-2022 01:15:21,23.03,clear sky
11-08-2022 05:38:27,22.03,clear sky
11-08-2022 07:46:08,26.03,clear sky
11-08-2022 10:21:56,32.03,clear sky
11-08-2022 13:17:30,32.03,clear sky
11-08-2022 16:37:51,32.03,clear sky
11-08-2022 19:18:34,29.03,clear sky
11-08-2022 22:20:52,27.03,clear sky
12-08-2022 01:15:55,23.03,clear sky
12-08-2022 05:42:51,22.03,clear sky
12-08-2022 07:52:43,26.03,clear sky
12-08-2022 10:22:21,33.03,clear sky
12-08-2022 13:16:49,34.03,clear sky
12-08-2022 16:02:08,34.03,clear sky
12-08-2022 18:09:20,32.03,clear sky
12-08-2022 20:12:53,29.03,clear sky
12-08-2022 22:10:25,24.03,clear sky
13-08-2022 00:09:04,24.03,clear sky
13-08-2022 02:09:33,24.03,clear sky
13-08-2022 04:42:10,24.03,clear sky
13-08-2022 07:14:42,26.03,clear sky
13-08-2022 08:15:31,29.03,clear sky
13-08-2022 10:10:33,33.03,clear sky
13-08-2022 12:10:59,36.03,clear sky
13-08-2022 14:09:17,34.03,clear sky
13-08-2022 16:43:24,33.03,clear sky
13-08-2022 18:07:42,32.03,few clouds
13-08-2022 20:10:03,30.03,thunderstorm
13-08-2022 22:09:40,26.03,scattered clouds
14-08-2022 00:09:15,24.03,clear sky
14-08-2022 02:08:18,23.03,clear sky
14-08-2022 04:47:45,24.03,clear sky
14-08-2022 07:24:56,24.03,clear sky
14-08-2022 08:19:53,28.03,clear sky
14-08-2022 10:11:06,34.03,clear sky
14-08-2022 12:10:27,35.03,clear sky
14-08-2022 14:08:33,35.03,clear sky
14-08-2022 16:14:31,35.03,clear sky
14-08-2022 18:08:20,33.03,clear sky
14-08-2022 20:10:11,28.03,clear sky
14-08-2022 22:09:49,26.03,clear sky
15-08-2022 00:08:37,23.03,clear sky
15-08-2022 02:08:35,21.03,clear sky
15-08-2022 04:46:54,20.03,clear sky
15-08-2022 07:50:36,27.03,clear sky
15-08-2022 08:57:07,32.03,clear sky
15-08-2022 10:11:15,35.03,clear sky
15-08-2022 12:11:35,36.03,clear sky
15-08-2022 14:10:05,36.03,clear sky
15-08-2022 16:17:16,36.03,clear sky
15-08-2022 18:10:19,34.03,clear sky
15-08-2022 20:11:52,30.03,clear sky
15-08-2022 22:11:26,25.03,clear sky
16-08-2022 00:09:25,24.03,clear sky
16-08-2022 02:09:05,22.03,clear sky
16-08-2022 04:54:26,21.03,clear sky
16-08-2022 07:38:30,27.03,clear sky
16-08-2022 08:31:58,30.03,clear sky
16-08-2022 10:10:03,35.03,clear sky
16-08-2022 12:09:13,37.03,clear sky
16-08-2022 14:09:08,37.03,clear sky
16-08-2022 16:15:14,36.03,clear sky
16-08-2022 18:10:14,35.03,clear sky
16-08-2022 20:11:13,31.03,clear sky
16-08-2022 22:13:31,27.03,clear sky
17-08-2022 00:09:33,24.03,clear sky
17-08-2022 02:08:12,23.03,clear sky
17-08-2022 04:51:44,21.03,clear sky
17-08-2022 07:51:50,29.03,clear sky
17-08-2022 08:59:38,33.03,clear sky
17-08-2022 10:11:51,34.03,clear sky
17-08-2022 12:11:26,35.03,clear sky
17-08-2022 14:09:28,36.03,clear sky
17-08-2022 16:17:53,35.03,clear sky
17-08-2022 18:14:38,34.03,clear sky
17-08-2022 20:12:24,30.03,clear sky
17-08-2022 22:10:31,26.03,clear sky
18-08-2022 00:09:23,22.03,clear sky
18-08-2022 02:08:21,21.03,clear sky
18-08-2022 04:51:32,23.03,clear sky
18-08-2022 07:53:44,29.03,clear sky
18-08-2022 08:54:37,31.03,clear sky
18-08-2022 10:11:13,33.03,clear sky
18-08-2022 12:11:14,33.03,clear sky
18-08-2022 14:11:07,33.03,clear sky
18-08-2022 16:17:45,32.03,clear sky
18-08-2022 18:15:14,31.03,clear sky
18-08-2022 20:17:42,27.03,clear sky
18-08-2022 22:10:13,24.03,clear sky
19-08-2022 00:10:07,22.03,clear sky
19-08-2022 02:09:10,19.03,clear sky
19-08-2022 04:51:01,18.03,clear sky
19-08-2022 07:43:49,24.03,clear sky
19-08-2022 08:41:45,29.03,clear sky
19-08-2022 10:13:06,32.03,clear sky
19-08-2022 12:11:44,35.03,clear sky
19-08-2022 14:10:33,33.03,clear sky
19-08-2022 16:15:58,34.03,clear sky
19-08-2022 18:09:06,32.03,clear sky
19-08-2022 20:12:35,29.03,clear sky
19-08-2022 22:11:45,25.03,clear sky
20-08-2022 00:10:08,25.03,clear sky
20-08-2022 02:09:45,22.03,clear sky
20-08-2022 04:45:06,22.03,clear sky
20-08-2022 07:27:32,23.03,clear sky
20-08-2022 08:24:21,29.03,clear sky
20-08-2022 10:10:31,33.03,clear sky
20-08-2022 12:11:38,32.03,clear sky
20-08-2022 14:08:48,32.03,clear sky
20-08-2022 16:14:27,31.03,clear sky
20-08-2022 18:07:42,30.03,clear sky
20-08-2022 20:10:26,28.03,clear sky
20-08-2022 22:10:00,28.03,clear sky
21-08-2022 00:09:15,27.03,clear sky
21-08-2022 02:08:19,26.03,clear sky
21-08-2022 04:46:35,25.03,clear sky
21-08-2022 07:31:35,26.03,clear sky
21-08-2022 08:24:32,27.03,clear sky
21-08-2022 10:11:02,29.03,clear sky
21-08-2022 12:11:01,31.03,clear sky
21-08-2022 14:08:55,30.03,clear sky
21-08-2022 16:13:59,29.03,clear sky
21-08-2022 18:07:21,28.03,clear sky
21-08-2022 20:11:15,26.03,clear sky
21-08-2022 22:10:03,20.03,clear sky
22-08-2022 00:09:16,20.03,clear sky
22-08-2022 02:08:24,21.03,clear sky
22-08-2022 04:50:37,19.03,clear sky
22-08-2022 07:51:33,24.03,clear sky
22-08-2022 09:01:54,27.03,clear sky
22-08-2022 10:13:59,30.03,clear sky
22-08-2022 12:11:43,31.03,clear sky
22-08-2022 14:10:17,30.03,clear sky
22-08-2022 16:17:59,29.03,clear sky
22-08-2022 18:08:25,28.03,clear sky
22-08-2022 20:10:54,27.58,clear sky
22-08-2022 22:10:33,19.03,clear sky
23-08-2022 00:09:35,21.03,clear sky
23-08-2022 02:09:06,21.03,clear sky
23-08-2022 04:56:18,20.03,clear sky
23-08-2022 08:04:32,24.03,clear sky
23-08-2022 10:22:32,29.03,clear sky
23-08-2022 12:12:21,31.03,clear sky
23-08-2022 14:09:48,31.03,clear sky
23-08-2022 16:17:35,30.03,clear sky
23-08-2022 18:08:07,30.03,clear sky
23-08-2022 20:11:36,26.03,clear sky
23-08-2022 22:10:46,20.03,clear sky
24-08-2022 00:09:19,18.03,clear sky
24-08-2022 02:08:44,18.03,clear sky
24-08-2022 04:52:00,17.03,clear sky
24-08-2022 08:01:16,22.03,clear sky
24-08-2022 10:13:54,31.03,clear sky
24-08-2022 12:11:38,32.03,clear sky
24-08-2022 14:09:44,32.03,clear sky
24-08-2022 16:17:21,32.03,clear sky
24-08-2022 18:07:49,31.03,clear sky
24-08-2022 20:11:54,26.03,clear sky
24-08-2022 22:19:35,22.03,clear sky
25-08-2022 00:09:35,19.03,clear sky
25-08-2022 02:08:34,18.03,clear sky
25-08-2022 04:56:50,18.03,clear sky
25-08-2022 08:03:56,23.03,clear sky
25-08-2022 10:23:24,30.03,clear sky
25-08-2022 12:13:55,32.03,clear sky
25-08-2022 14:09:59,31.03,clear sky
25-08-2022 16:17:56,30.03,clear sky
25-08-2022 18:08:55,29.03,clear sky
25-08-2022 20:11:36,26.03,clear sky
25-08-2022 22:10:14,24.03,clear sky
26-08-2022 00:09:52,20.03,clear sky
26-08-2022 02:09:37,18.03,clear sky
26-08-2022 04:51:58,16.03,clear sky
26-08-2022 08:10:48,25.03,clear sky
26-08-2022 10:29:04,30.03,clear sky
26-08-2022 12:12:03,32.03,clear sky
26-08-2022 14:10:08,33.03,clear sky
26-08-2022 16:17:52,31.03,clear sky
26-08-2022 18:08:04,29.03,clear sky
26-08-2022 20:12:06,26.03,clear sky
26-08-2022 22:10:55,23.03,clear sky
27-08-2022 00:09:48,22.03,clear sky
27-08-2022 02:08:42,18.03,clear sky
27-08-2022 04:44:39,19.03,clear sky
27-08-2022 07:56:52,23.03,clear sky
27-08-2022 08:52:59,28.03,clear sky
27-08-2022 10:10:42,30.03,clear sky
27-08-2022 12:11:01,32.03,clear sky
27-08-2022 14:08:45,33.03,clear sky
27-08-2022 16:17:56,32.03,clear sky
27-08-2022 18:07:27,30.03,clear sky
27-08-2022 20:10:26,27.03,clear sky
27-08-2022 22:10:50,23.03,clear sky
28-08-2022 00:09:01,19.03,clear sky
28-08-2022 02:07:48,19.03,clear sky
28-08-2022 04:52:55,20.03,clear sky
28-08-2022 07:51:07,23.03,clear sky
28-08-2022 08:47:54,29.03,clear sky
28-08-2022 10:10:46,32.03,clear sky
28-08-2022 12:11:23,33.03,clear sky
28-08-2022 14:09:42,33.03,clear sky
28-08-2022 16:14:29,33.03,clear sky
28-08-2022 18:07:48,30.03,clear sky
28-08-2022 20:10:31,27.03,clear sky
28-08-2022 22:10:31,23.03,clear sky
29-08-2022 00:09:36,20.03,clear sky
29-08-2022 02:08:12,18.03,clear sky
29-08-2022 04:56:18,20.03,clear sky
29-08-2022 08:03:17,23.03,clear sky
29-08-2022 10:39:46,31.03,clear sky
29-08-2022 12:11:56,33.03,clear sky
29-08-2022 14:09:52,33.03,clear sky
29-08-2022 16:18:35,33.03,clear sky
29-08-2022 18:10:54,31.03,clear sky
29-08-2022 20:11:39,26.03,clear sky
29-08-2022 22:11:21,28.23,clear sky
30-08-2022 00:09:36,21.03,clear sky
30-08-2022 02:09:03,19.03,clear sky
30-08-2022 04:58:09,18.03,clear sky
30-08-2022 08:11:28,26.03,clear sky
30-08-2022 10:44:20,32.03,clear sky
30-08-2022 12:12:23,34.03,clear sky
30-08-2022 14:09:35,36.03,clear sky
30-08-2022 16:20:10,35.03,clear sky
30-08-2022 18:11:31,33.03,clear sky
30-08-2022 20:12:25,27.03,clear sky
30-08-2022 22:11:07,24.03,clear sky
31-08-2022 00:09:43,24.03,clear sky
31-08-2022 02:09:35,22.03,clear sky
31-08-2022 04:59:35,21.03,clear sky
31-08-2022 08:22:25,29.03,clear sky
31-08-2022 10:49:46,33.03,clear sky
31-08-2022 12:11:21,34.03,clear sky
31-08-2022 14:09:34,34.03,clear sky
31-08-2022 16:19:26,33.03,clear sky
31-08-2022 18:10:14,31.03,clear sky
31-08-2022 20:12:43,27.03,clear sky
31-08-2022 22:11:14,24.03,clear sky
01-09-2022 00:09:48,24.03,clear sky
01-09-2022 02:09:04,22.03,clear sky
01-09-2022 04:45:47,23.03,clear sky
01-09-2022 08:00:16,25.03,clear sky
01-09-2022 09:16:08,29.03,clear sky
01-09-2022 10:20:51,30.03,clear sky
01-09-2022 12:13:53,32.03,clear sky
01-09-2022 14:09:57,32.03,clear sky
01-09-2022 16:16:51,32.03,clear sky
01-09-2022 18:11:11,31.03,clear sky
01-09-2022 20:11:51,27.03,clear sky
01-09-2022 22:12:33,26.03,clear sky
02-09-2022 00:09:59,25.03,clear sky
02-09-2022 02:09:06,24.03,clear sky
02-09-2022 04:52:16,24.03,clear sky
02-09-2022 08:07:04,27.03,clear sky
02-09-2022 10:32:14,31.03,clear sky
02-09-2022 12:11:23,34.03,clear sky
02-09-2022 14:10:26,37.03,clear sky
02-09-2022 16:20:07,38.03,clear sky
02-09-2022 18:08:03,37.03,clear sky
02-09-2022 20:11:41,30.03,clear sky
02-09-2022 22:12:44,24.03,clear sky
03-09-2022 00:09:43,23.03,clear sky
03-09-2022 02:09:19,21.03,clear sky
03-09-2022 04:45:31,22.03,clear sky
03-09-2022 07:57:41,25.03,clear sky
03-09-2022 08:56:56,28.03,clear sky
03-09-2022 10:10:50,32.03,clear sky
03-09-2022 12:11:04,35.03,clear sky
03-09-2022 14:09:44,37.03,clear sky
03-09-2022 16:14:34,37.03,clear sky
03-09-2022 18:08:18,36.03,clear sky
03-09-2022 20:10:43,29.03,clear sky
03-09-2022 22:10:42,24.03,clear sky
04-09-2022 00:09:12,23.03,clear sky
04-09-2022 02:08:18,20.03,scattered clouds
04-09-2022 04:50:29,21.03,mist
04-09-2022 08:02:50,26.03,clear sky
04-09-2022 10:10:36,30.03,clear sky
04-09-2022 12:11:10,32.03,clear sky
04-09-2022 14:09:05,32.03,clear sky
04-09-2022 16:15:58,32.03,clear sky
04-09-2022 18:07:40,30.03,clear sky
04-09-2022 20:11:21,27.03,clear sky
04-09-2022 22:10:31,25.03,clear sky
05-09-2022 00:10:20,25.03,clear sky
05-09-2022 02:08:56,25.03,clear sky
05-09-2022 04:58:51,25.03,clear sky
05-09-2022 08:10:33,26.03,clear sky
05-09-2022 10:39:33,29.03,clear sky
05-09-2022 12:13:05,29.03,clear sky
05-09-2022 14:10:02,27.03,scattered clouds
05-09-2022 16:17:47,25.03,broken clouds
05-09-2022 18:11:54,22.03,scattered clouds
05-09-2022 20:11:38,21.03,few clouds
05-09-2022 22:11:18,21.03,few clouds
06-09-2022 00:10:07,21.03,scattered clouds
06-09-2022 02:09:08,21.03,overcast clouds
06-09-2022 04:53:54,20.03,overcast clouds
06-09-2022 08:14:27,20.03,broken clouds
06-09-2022 10:52:45,19.03,scattered clouds
06-09-2022 12:12:54,19.03,scattered clouds
06-09-2022 14:10:00,20.03,light rain
06-09-2022 16:18:58,19.03,light rain
06-09-2022 18:12:59,19.03,light intensity shower rain
06-09-2022 20:11:52,18.03,overcast clouds
06-09-2022 22:11:01,19.03,scattered clouds
07-09-2022 00:09:44,20.03,clear sky
07-09-2022 02:09:08,20.03,clear sky
07-09-2022 04:56:03,20.03,clear sky
07-09-2022 08:17:11,20.03,few clouds
07-09-2022 10:50:58,21.03,clear sky
07-09-2022 12:15:04,22.03,few clouds
07-09-2022 14:11:15,22.03,few clouds
07-09-2022 16:19:22,22.03,clear sky
07-09-2022 18:19:33,22.03,few clouds
07-09-2022 20:11:51,21.03,scattered clouds
07-09-2022 22:11:40,21.03,broken clouds
08-09-2022 00:10:22,21.03,broken clouds
08-09-2022 02:09:32,20.03,broken clouds
08-09-2022 04:53:24,20.03,scattered clouds
08-09-2022 08:00:25,20.03,broken clouds
08-09-2022 09:23:40,21.03,scattered clouds
08-09-2022 10:37:42,23.03,scattered clouds
08-09-2022 12:12:03,23.03,broken clouds
08-09-2022 14:10:29,23.03,scattered clouds
08-09-2022 16:18:21,23.03,few clouds
08-09-2022 18:09:30,22.03,clear sky
08-09-2022 20:12:38,20.03,clear sky
08-09-2022 22:11:29,19.03,clear sky
09-09-2022 00:10:53,20.03,clear sky
09-09-2022 02:09:34,20.03,few clouds
09-09-2022 04:55:58,19.03,clear sky
09-09-2022 07:58:04,20.03,clear sky
09-09-2022 09:11:41,23.03,few clouds
09-09-2022 10:26:34,23.03,scattered clouds
09-09-2022 12:14:22,24.03,scattered clouds
09-09-2022 14:10:37,25.03,scattered clouds
22-12-2022 05:48:47,7.03,overcast clouds
22-12-2022 06:34:17,7.03,overcast clouds
22-12-2022 08:15:44,7.03,overcast clouds
22-12-2022 10:16:57,9.03,light rain
22-12-2022 12:16:27,10.03,light rain
22-12-2022 14:13:55,10.03,overcast clouds
22-12-2022 16:24:52,10.03,overcast clouds
22-12-2022 18:11:55,10.03,overcast clouds
22-12-2022 20:17:48,9.03,overcast clouds
22-12-2022 22:16:12,8.03,few clouds
23-12-2022 00:13:11,8.03,clear sky
23-12-2022 02:12:26,8.03,scattered clouds
23-12-2022 05:03:01,7.03,clear sky
23-12-2022 06:34:34,6.03,clear sky
23-12-2022 08:15:24,6.03,scattered clouds
23-12-2022 10:16:55,10.03,broken clouds
23-12-2022 12:16:05,11.03,broken clouds
23-12-2022 14:13:41,12.03,scattered clouds
23-12-2022 16:23:43,10.03,scattered clouds
23-12-2022 18:11:19,9.03,broken clouds
23-12-2022 20:17:08,10.03,broken clouds
23-12-2022 22:15:34,9.03,broken clouds
24-12-2022 00:13:13,8.03,broken clouds
24-12-2022 02:11:53,9.03,broken clouds
24-12-2022 04:58:41,7.03,few clouds
24-12-2022 06:28:41,7.03,broken clouds
24-12-2022 08:15:05,9.03,broken clouds
24-12-2022 10:15:04,10.03,scattered clouds
24-12-2022 12:15:38,10.03,few clouds
24-12-2022 14:12:22,10.03,scattered clouds
24-12-2022 16:22:15,10.03,clear sky
24-12-2022 18:10:34,9.03,clear sky
24-12-2022 20:16:42,8.03,clear sky
24-12-2022 22:14:34,8.03,clear sky
25-12-2022 00:12:33,7.03,few clouds
25-12-2022 02:11:22,8.03,clear sky
25-12-2022 05:06:59,7.03,overcast clouds
25-12-2022 06:36:03,8.03,scattered clouds
25-12-2022 08:15:07,8.03,broken clouds
25-12-2022 10:15:18,8.03,broken clouds
25-12-2022 12:15:30,9.03,overcast clouds
25-12-2022 14:12:51,9.03,broken clouds
25-12-2022 16:22:43,9.03,broken clouds
25-12-2022 18:10:30,7.03,scattered clouds
25-12-2022 20:16:36,8.03,broken clouds
25-12-2022 22:14:30,7.03,broken clouds
26-12-2022 00:12:24,7.03,broken clouds
26-12-2022 02:11:41,7.03,broken clouds
26-12-2022 05:04:24,7.03,broken clouds
26-12-2022 06:35:00,6.03,broken clouds
26-12-2022 08:15:47,7.03,broken clouds
26-12-2022 10:16:50,7.03,broken clouds
26-12-2022 12:16:48,8.03,broken clouds
26-12-2022 14:13:36,7.03,overcast clouds
26-12-2022 16:23:42,7.03,broken clouds
26-12-2022 18:11:33,6.03,broken clouds
26-12-2022 20:17:07,7.03,broken clouds
26-12-2022 22:15:21,7.03,broken clouds
27-12-2022 00:13:19,6.03,broken clouds
27-12-2022 02:11:46,6.03,scattered clouds
27-12-2022 05:03:58,3.03,clear sky
27-12-2022 06:31:59,4.03,broken clouds
27-12-2022 08:15:46,3.03,mist
27-12-2022 10:16:29,6.03,scattered clouds
27-12-2022 12:16:29,8.03,clear sky
27-12-2022 14:13:30,9.03,broken clouds
27-12-2022 16:24:01,7.03,broken clouds
27-12-2022 18:11:45,6.03,broken clouds
27-12-2022 20:17:37,7.03,overcast clouds
27-12-2022 22:15:38,7.03,overcast clouds
28-12-2022 00:13:02,6.03,broken clouds
28-12-2022 02:11:59,5.03,few clouds
28-12-2022 05:03:00,4.03,clear sky
28-12-2022 06:33:37,6.03,clear sky
28-12-2022 08:15:32,6.03,broken clouds
28-12-2022 10:16:42,9.03,clear sky
28-12-2022 12:16:05,10.03,clear sky
28-12-2022 14:13:56,9.03,clear sky
28-12-2022 16:23:43,9.03,clear sky
28-12-2022 18:11:21,7.03,clear sky
28-12-2022 20:16:59,6.03,clear sky
28-12-2022 22:15:34,6.03,clear sky
29-12-2022 00:13:15,6.03,clear sky
29-12-2022 02:12:12,4.03,clear sky
29-12-2022 05:05:22,7.03,broken clouds
29-12-2022 06:35:02,7.03,broken clouds
29-12-2022 08:15:53,7.03,broken clouds
29-12-2022 10:16:17,6.03,overcast clouds
29-12-2022 12:16:34,7.03,broken clouds
29-12-2022 14:13:24,7.03,broken clouds
29-12-2022 16:23:41,7.03,broken clouds
29-12-2022 18:11:31,7.03,few clouds
29-12-2022 20:17:26,6.03,scattered clouds
29-12-2022 22:15:34,6.03,clear sky
30-12-2022 00:13:32,5.03,clear sky
30-12-2022 02:11:52,5.03,clear sky
30-12-2022 05:05:19,4.03,clear sky
30-12-2022 06:35:31,4.03,broken clouds
30-12-2022 08:15:16,5.03,broken clouds
30-12-2022 10:16:37,7.03,broken clouds
30-12-2022 12:15:53,10.03,broken clouds
30-12-2022 14:13:10,10.03,broken clouds
30-12-2022 16:23:00,10.03,few clouds
30-12-2022 18:11:00,7.03,clear sky
30-12-2022 20:16:35,6.03,clear sky
30-12-2022 22:15:33,6.03,clear sky
31-12-2022 00:12:54,4.03,clear sky
31-12-2022 02:11:47,3.03,clear sky
31-12-2022 05:03:04,5.03,clear sky
31-12-2022 06:31:28,5.03,clear sky
31-12-2022 08:15:20,5.03,clear sky
31-12-2022 10:15:30,8.03,clear sky
31-12-2022 12:15:26,10.03,clear sky
31-12-2022 14:12:26,11.03,clear sky
31-12-2022 16:21:40,10.03,clear sky
31-12-2022 18:10:39,8.03,broken clouds
31-12-2022 20:16:19,6.03,few clouds
31-12-2022 22:14:27,6.03,few clouds
01-01-2023 00:12:25,6.03,clear sky
01-01-2023 02:11:20,4.03,clear sky
01-01-2023 05:14:27,7.03,clear sky
01-01-2023 06:48:54,5.03,clear sky
01-01-2023 08:15:14,3.03,clear sky
01-01-2023 10:15:52,5.03,clear sky
01-01-2023 12:15:51,11.03,clear sky
01-01-2023 14:12:48,12.03,clear sky
01-01-2023 16:23:27,11.03,clear sky
01-01-2023 18:10:54,8.03,clear sky
01-01-2023 20:16:31,6.03,clear sky
01-01-2023 22:14:46,5.03,mist
02-01-2023 00:13:10,8.77,broken clouds
02-01-2023 02:11:37,5.03,broken clouds
02-01-2023 05:04:27,5.03,clear sky
02-01-2023 06:35:41,5.03,clear sky
02-01-2023 08:15:44,5.03,clear sky
02-01-2023 10:16:44,9.03,clear sky
02-01-2023 12:17:05,12.03,clear sky
02-01-2023 14:13:58,13.03,clear sky
02-01-2023 16:24:25,15.03,clear sky
02-01-2023 18:11:42,10.03,clear sky
02-01-2023 20:17:30,9.03,clear sky
02-01-2023 22:15:29,9.03,clear sky
03-01-2023 00:12:54,8.03,clear sky
03-01-2023 02:11:51,7.03,clear sky
03-01-2023 05:03:58,6.03,clear sky
03-01-2023 06:33:28,4.03,clear sky
03-01-2023 08:15:18,6.03,clear sky
03-01-2023 10:15:47,10.03,clear sky
03-01-2023 12:16:55,14.03,clear sky
03-01-2023 14:13:48,14.03,clear sky
03-01-2023 16:26:32,13.03,clear sky
03-01-2023 18:11:56,10.03,clear sky
03-01-2023 20:18:18,7.03,clear sky
03-01-2023 22:15:42,7.03,clear sky
04-01-2023 00:14:06,8.03,few clouds
04-01-2023 02:12:17,8.03,clear sky
04-01-2023 05:05:35,8.03,clear sky
04-01-2023 06:37:18,8.03,clear sky
04-01-2023 08:16:01,8.03,clear sky
04-01-2023 10:16:36,10.03,clear sky
04-01-2023 12:16:44,12.03,clear sky
04-01-2023 14:14:57,14.03,clear sky
04-01-2023 16:25:37,13.03,clear sky
04-01-2023 18:13:24,10.03,clear sky
04-01-2023 20:23:34,9.03,few clouds
04-01-2023 22:16:40,8.03,clear sky
05-01-2023 00:14:03,8.03,clear sky
05-01-2023 02:12:39,8.03,broken clouds
05-01-2023 05:07:30,8.03,overcast clouds
05-01-2023 06:38:17,8.03,overcast clouds
05-01-2023 08:16:31,8.03,overcast clouds
05-01-2023 10:15:23,9.03,scattered clouds
05-01-2023 12:17:25,9.03,scattered clouds
05-01-2023 14:14:26,9.03,clear sky
05-01-2023 16:25:47,8.03,clear sky
05-01-2023 18:12:51,8.03,clear sky
05-01-2023 20:20:16,7.03,clear sky
05-01-2023 22:16:41,7.03,clear sky
06-01-2023 00:14:17,7.03,clear sky
06-01-2023 02:12:51,7.03,clear sky
06-01-2023 05:07:27,8.03,scattered clouds
06-01-2023 06:41:55,7.03,clear sky
06-01-2023 08:15:50,7.03,clear sky
06-01-2023 10:16:50,6.03,broken clouds
06-01-2023 12:16:44,8.03,clear sky
06-01-2023 14:13:59,9.03,clear sky
06-01-2023 16:25:11,9.03,clear sky
06-01-2023 18:11:58,10.03,clear sky
06-01-2023 20:18:36,8.03,clear sky
06-01-2023 22:15:53,6.03,clear sky
07-01-2023 00:13:44,5.03,clear sky
07-01-2023 02:12:19,8.03,clear sky
07-01-2023 03:16:30,8.03,clear sky
07-01-2023 05:04:43,5.03,clear sky
07-01-2023 06:35:29,5.03,clear sky
07-01-2023 08:15:24,6.03,scattered clouds
07-01-2023 10:15:20,8.03,broken clouds
07-01-2023 12:15:48,9.03,few clouds
07-01-2023 14:12:31,11.03,few clouds
07-01-2023 16:22:26,10.03,scattered clouds
07-01-2023 18:11:01,7.03,broken clouds
07-01-2023 20:16:25,6.03,broken clouds
07-01-2023 22:14:43,5.03,overcast clouds
08-01-2023 00:12:45,4.03,scattered clouds
08-01-2023 02:11:31,3.03,overcast clouds
08-01-2023 05:10:14,2.03,overcast clouds
08-01-2023 06:42:17,2.03,overcast clouds
08-01-2023 08:15:52,2.03,overcast clouds
08-01-2023 10:15:44,1.03,light snow
08-01-2023 12:15:45,1.03,overcast clouds
08-01-2023 14:13:14,1.03,light snow
08-01-2023 16:23:41,1.03,light snow
08-01-2023 18:10:50,1.03,light snow
08-01-2023 20:16:27,1.03,broken clouds
08-01-2023 22:14:52,1.03,light snow
09-01-2023 00:12:45,1.03,light snow
09-01-2023 02:11:44,1.03,light snow
09-01-2023 05:05:20,0.03,light snow
09-01-2023 06:37:13,0.03,light snow
09-01-2023 08:16:24,1.03,light snow
09-01-2023 10:17:07,1.03,light snow
09-01-2023 12:17:31,1.03,light snow
09-01-2023 14:15:24,1.03,light snow
09-01-2023 16:26:27,1.03,light snow
09-01-2023 18:15:12,1.03,light snow
09-01-2023 20:24:02,1.03,light snow
09-01-2023 22:17:09,1.03,overcast clouds
10-01-2023 00:15:17,1.03,light snow
10-01-2023 02:12:53,1.03,light snow
10-01-2023 05:09:16,1.03,overcast clouds
10-01-2023 06:43:08,1.03,overcast clouds
10-01-2023 08:16:14,1.03,overcast clouds
10-01-2023 10:18:05,1.03,light snow
10-01-2023 12:17:26,2.03,overcast clouds
10-01-2023 14:14:05,2.03,broken clouds
10-01-2023 16:26:23,1.03,snow
10-01-2023 18:15:45,0.03,shower snow
10-01-2023 20:20:38,0.03,light shower snow
10-01-2023 22:16:29,0.03,light snow
11-01-2023 00:13:44,-0.97,light snow
11-01-2023 02:13:13,-0.97,light snow
11-01-2023 05:07:01,0.03,overcast clouds
11-01-2023 06:39:46,0.03,light snow
11-01-2023 08:16:17,-0.97,light snow
11-01-2023 10:16:38,1.03,scattered clouds
11-01-2023 12:17:37,1.03,scattered clouds
11-01-2023 14:17:10,1.03,scattered clouds
11-01-2023 16:26:23,1.03,clear sky
11-01-2023 18:18:13,1.03,clear sky
11-01-2023 20:24:40,1.03,clear sky
11-01-2023 22:19:31,1.03,clear sky
12-01-2023 00:13:48,1.03,clear sky
12-01-2023 02:13:43,1.03,broken clouds
12-01-2023 05:07:47,1.03,broken clouds
12-01-2023 06:38:56,1.03,broken clouds
12-01-2023 08:15:59,1.03,scattered clouds
12-01-2023 10:17:12,3.03,few clouds
12-01-2023 12:18:08,5.03,scattered clouds
12-01-2023 14:15:56,5.03,scattered clouds
12-01-2023 16:28:07,4.03,broken clouds
12-01-2023 18:16:41,4.03,overcast clouds
12-01-2023 20:33:51,4.03,overcast clouds
12-01-2023 22:17:30,4.03,overcast clouds
13-01-2023 00:14:42,3.03,scattered clouds
13-01-2023 02:13:25,3.03,broken clouds
13-01-2023 05:08:06,3.03,few clouds
13-01-2023 06:43:52,2.03,broken clouds
13-01-2023 08:16:27,3.03,broken clouds
13-01-2023 10:17:04,4.03,broken clouds
13-01-2023 12:17:26,5.03,broken clouds
13-01-2023 14:15:25,5.03,overcast clouds
13-01-2023 16:25:24,5.03,overcast clouds
13-01-2023 18:13:04,4.03,overcast clouds
13-01-2023 20:21:23,4.03,broken clouds
13-01-2023 22:15:51,3.03,scattered clouds
14-01-2023 00:13:54,3.03,scattered clouds
14-01-2023 02:12:05,3.03,scattered clouds
14-01-2023 05:03:36,3.03,scattered clouds
14-01-2023 06:32:03,4.03,broken clouds
14-01-2023 08:15:14,3.03,overcast clouds
14-01-2023 10:15:27,4.03,broken clouds
14-01-2023 12:15:50,5.03,overcast clouds
14-01-2023 14:13:05,5.03,overcast clouds
14-01-2023 16:22:16,5.03,overcast clouds
14-01-2023 18:10:57,5.03,overcast clouds
14-01-2023 20:16:19,5.03,overcast clouds
14-01-2023 22:14:46,5.03,light rain
15-01-2023 00:12:33,5.03,light rain
15-01-2023 02:11:17,5.03,light rain
15-01-2023 05:10:29,5.03,light rain
15-01-2023 06:41:15,5.03,light rain
15-01-2023 08:15:28,5.03,light rain
15-01-2023 10:15:43,5.03,light rain
15-01-2023 12:15:47,5.03,light intensity drizzle
15-01-2023 14:12:43,5.03,overcast clouds
15-01-2023 16:22:44,5.03,drizzle
15-01-2023 18:10:53,5.03,drizzle
15-01-2023 20:16:27,5.03,light intensity drizzle
15-01-2023 22:14:55,6.03,overcast clouds
16-01-2023 00:12:31,5.03,overcast clouds
16-01-2023 02:11:57,5.03,overcast clouds
16-01-2023 05:06:03,5.03,mist
16-01-2023 06:40:40,5.03,mist
16-01-2023 08:16:36,5.03,mist
16-01-2023 10:17:32,6.03,broken clouds
16-01-2023 12:17:37,7.03,broken clouds
16-01-2023 14:14:38,8.03,scattered clouds
16-01-2023 16:26:46,8.03,clear sky
16-01-2023 18:12:40,6.03,broken clouds
16-01-2023 20:17:57,6.03,broken clouds
16-01-2023 22:16:01,7.03,broken clouds
17-01-2023 00:13:21,6.03,broken clouds
17-01-2023 02:12:14,7.03,overcast clouds
17-01-2023 05:06:06,7.03,overcast clouds
17-01-2023 06:38:02,7.03,overcast clouds
17-01-2023 08:16:02,8.03,clear sky
17-01-2023 10:16:22,8.03,overcast clouds
17-01-2023 12:17:20,9.03,overcast clouds
17-01-2023 14:14:14,10.03,overcast clouds
17-01-2023 16:27:51,8.42,broken clouds
17-01-2023 18:12:08,9.03,scattered clouds
17-01-2023 20:17:56,8.03,scattered clouds
17-01-2023 22:16:22,6.03,clear sky
18-01-2023 00:12:50,5.03,mist
18-01-2023 02:12:44,5.03,mist
18-01-2023 05:10:09,2.03,fog
18-01-2023 06:42:05,4.03,fog
18-01-2023 08:16:23,1.03,fog
18-01-2023 10:17:31,7.03,mist
18-01-2023 12:17:14,8.03,broken clouds
18-01-2023 14:14:36,9.03,overcast clouds
18-01-2023 16:25:26,9.03,overcast clouds
18-01-2023 18:12:17,9.03,overcast clouds
18-01-2023 20:18:11,8.03,overcast clouds
18-01-2023 22:15:58,8.03,overcast clouds
19-01-2023 00:13:06,8.03,overcast clouds
19-01-2023 02:12:40,8.03,overcast clouds
19-01-2023 05:08:31,8.03,overcast clouds
19-01-2023 06:44:08,8.03,overcast clouds
19-01-2023 08:17:07,7.03,mist
19-01-2023 10:16:58,7.03,overcast clouds
19-01-2023 12:17:34,8.03,overcast clouds
19-01-2023 14:14:29,8.03,overcast clouds
19-01-2023 16:26:11,9.03,clear sky
19-01-2023 18:13:02,7.03,scattered clouds
19-01-2023 20:18:36,7.03,broken clouds
19-01-2023 22:16:42,6.03,broken clouds
20-01-2023 00:14:06,6.03,broken clouds
20-01-2023 02:12:57,6.03,broken clouds
20-01-2023 05:07:55,7.03,mist
20-01-2023 07:00:59,6.03,mist
20-01-2023 08:16:29,7.03,overcast clouds
20-01-2023 10:17:08,8.03,broken clouds
20-01-2023 12:17:09,10.03,broken clouds
20-01-2023 14:14:46,11.03,scattered clouds
20-01-2023 16:26:42,11.03,scattered clouds
20-01-2023 18:12:30,8.03,few clouds
20-01-2023 20:18:20,8.03,broken clouds
20-01-2023 22:16:22,8.03,overcast clouds
21-01-2023 00:13:48,8.03,clear sky
21-01-2023 02:12:38,8.03,overcast clouds
21-01-2023 05:06:28,8.03,light rain
21-01-2023 06:36:13,8.03,clear sky
21-01-2023 08:15:23,8.03,clear sky
21-01-2023 10:15:31,9.03,clear sky
21-01-2023 12:15:51,9.03,clear sky
21-01-2023 14:12:44,9.03,scattered clouds
21-01-2023 16:22:52,9.03,few clouds
21-01-2023 18:10:54,7.03,clear sky
21-01-2023 20:16:38,6.03,clear sky
21-01-2023 22:14:57,6.03,scattered clouds
22-01-2023 00:12:41,4.03,few clouds
22-01-2023 02:11:27,5.03,clear sky
22-01-2023 05:09:45,4.03,clear sky
22-01-2023 06:42:06,2.03,broken clouds
22-01-2023 08:15:25,3.03,clear sky
22-01-2023 10:15:43,6.03,clear sky
22-01-2023 12:16:00,8.03,clear sky
22-01-2023 14:12:33,8.03,clear sky
22-01-2023 16:23:08,7.03,clear sky
22-01-2023 18:10:40,5.03,clear sky
22-01-2023 20:16:19,4.03,clear sky
22-01-2023 22:15:07,3.03,clear sky
23-01-2023 00:12:44,1.03,clear sky
23-01-2023 02:11:43,0.03,few clouds
23-01-2023 05:05:02,-0.97,few clouds
23-01-2023 06:37:55,1.03,clear sky
23-01-2023 08:16:11,-1.97,clear sky
23-01-2023 10:15:59,5.03,few clouds
23-01-2023 12:17:21,6.03,broken clouds
23-01-2023 14:14:21,6.03,broken clouds
23-01-2023 16:25:34,5.03,broken clouds
23-01-2023 18:12:38,5.03,broken clouds
23-01-2023 20:18:08,4.03,broken clouds
23-01-2023 22:14:55,4.03,broken clouds
24-01-2023 00:13:43,4.03,broken clouds
24-01-2023 02:12:19,4.03,broken clouds
24-01-2023 05:08:44,2.03,broken clouds
24-01-2023 06:36:26,1.03,clear sky
24-01-2023 08:16:07,0.03,clear sky
24-01-2023 10:16:12,5.03,scattered clouds
24-01-2023 12:16:39,5.03,scattered clouds
24-01-2023 14:13:46,6.03,scattered clouds
24-01-2023 16:26:41,5.03,few clouds
24-01-2023 18:11:56,3.03,clear sky
24-01-2023 20:18:01,1.03,clear sky
24-01-2023 22:16:09,0.03,clear sky
25-01-2023 00:13:39,4.04,clear sky
25-01-2023 02:12:18,-1.97,clear sky
25-01-2023 05:04:35,-1.97,clear sky
25-01-2023 06:37:11,-2.97,clear sky
25-01-2023 08:15:48,-2.97,clear sky
25-01-2023 10:16:32,2.03,clear sky
25-01-2023 12:18:50,6.03,few clouds
25-01-2023 14:13:39,7.03,few clouds
25-01-2023 16:27:20,7.03,clear sky
25-01-2023 18:12:14,5.03,clear sky
25-01-2023 20:17:53,3.03,clear sky
25-01-2023 22:15:08,1.03,scattered clouds
26-01-2023 00:13:27,-0.97,clear sky
26-01-2023 02:12:43,0.03,clear sky
26-01-2023 05:05:41,-0.97,clear sky
26-01-2023 06:38:13,-2.0,clear sky
26-01-2023 08:15:48,-3.0,fog
26-01-2023 10:16:31,3.0,mist
26-01-2023 12:16:36,6.0,few clouds
26-01-2023 14:14:02,6.0,broken clouds
26-01-2023 16:27:10,6.0,broken clouds
26-01-2023 18:12:05,5.0,scattered clouds
26-01-2023 20:16:53,4.0,broken clouds
26-01-2023 22:16:10,4.0,broken clouds
27-01-2023 00:12:46,4.0,overcast clouds
27-01-2023 02:12:20,4.0,overcast clouds
27-01-2023 05:09:09,3.0,overcast clouds
27-01-2023 06:41:21,4.0,overcast clouds
27-01-2023 08:15:56,5.0,overcast clouds
27-01-2023 10:16:38,6.0,light rain
27-01-2023 12:16:27,7.999999999999999,light rain
27-01-2023 14:14:01,7.999999999999999,light rain
27-01-2023 16:24:30,7.999999999999999,clear sky
27-01-2023 18:11:54,5.03,clear sky
27-01-2023 20:17:33,5.03,broken clouds
27-01-2023 22:16:11,5.03,few clouds
28-01-2023 00:13:22,4.03,scattered clouds
28-01-2023 02:12:22,5.03,broken clouds
28-01-2023 05:07:29,6.03,overcast clouds
28-01-2023 06:39:38,5.03,broken clouds
28-01-2023 08:15:24,5.03,broken clouds
28-01-2023 10:15:40,7.03,broken clouds
28-01-2023 12:15:39,8.03,broken clouds
28-01-2023 14:13:00,8.03,broken clouds
28-01-2023 16:22:48,9.03,broken clouds
28-01-2023 18:10:47,8.03,overcast clouds
28-01-2023 20:16:17,8.03,broken clouds
28-01-2023 22:14:42,8.03,broken clouds
29-01-2023 00:12:30,7.03,broken clouds
29-01-2023 02:11:34,7.03,clear sky
29-01-2023 05:13:11,7.03,broken clouds
29-01-2023 06:43:39,6.03,few clouds
29-01-2023 08:15:22,6.03,scattered clouds
29-01-2023 10:15:24,7.03,scattered clouds
29-01-2023 12:15:30,8.03,overcast clouds
29-01-2023 14:12:34,8.03,overcast clouds
29-01-2023 16:23:08,8.03,overcast clouds
29-01-2023 18:11:04,7.03,overcast clouds
29-01-2023 20:16:08,7.03,light rain
29-01-2023 22:14:36,7.03,overcast clouds
30-01-2023 00:12:43,6.03,overcast clouds
30-01-2023 02:11:38,6.03,overcast clouds
30-01-2023 05:03:14,6.03,overcast clouds
30-01-2023 06:35:48,6.03,overcast clouds
30-01-2023 08:15:45,6.03,overcast clouds
30-01-2023 10:17:25,7.03,mist
30-01-2023 12:17:31,9.03,overcast clouds
30-01-2023 14:14:28,11.03,broken clouds
30-01-2023 16:25:58,9.03,broken clouds
30-01-2023 18:12:12,8.03,scattered clouds
30-01-2023 20:17:59,7.03,broken clouds
30-01-2023 22:16:17,7.03,overcast clouds
31-01-2023 00:13:46,5.03,overcast clouds
31-01-2023 02:12:29,5.03,mist
31-01-2023 05:09:55,6.03,mist
31-01-2023 06:43:50,5.03,mist
31-01-2023 08:15:55,5.03,mist
31-01-2023 10:17:23,7.03,mist
31-01-2023 12:17:06,9.03,mist
31-01-2023 14:14:22,10.03,scattered clouds
31-01-2023 16:25:13,10.03,light rain
31-01-2023 18:12:00,8.03,light rain
31-01-2023 20:18:25,8.03,light rain
31-01-2023 22:16:02,8.03,overcast clouds
01-02-2023 00:13:49,8.03,light rain
01-02-2023 02:12:24,7.03,light rain
01-02-2023 05:15:41,7.03,overcast clouds
01-02-2023 06:53:13,7.03,overcast clouds
01-02-2023 08:16:19,6.03,mist
01-02-2023 10:17:20,7.03,overcast clouds
01-02-2023 12:17:02,8.03,broken clouds
01-02-2023 14:14:35,8.03,scattered clouds
01-02-2023 16:27:04,8.03,scattered clouds
01-02-2023 18:12:26,6.03,broken clouds
01-02-2023 20:17:16,7.03,broken clouds
01-02-2023 22:16:32,7.03,broken clouds
02-02-2023 00:14:09,6.03,broken clouds
02-02-2023 02:12:43,5.03,scattered clouds
02-02-2023 05:08:39,6.03,broken clouds
02-02-2023 06:42:31,4.03,mist
02-02-2023 08:16:13,6.03,mist
02-02-2023 10:16:47,8.03,mist
02-02-2023 12:17:08,10.03,mist
02-02-2023 14:14:00,11.03,overcast clouds
02-02-2023 16:27:11,11.03,overcast clouds
02-02-2023 18:12:18,10.03,overcast clouds
02-02-2023 20:18:17,10.03,overcast clouds
02-02-2023 22:16:33,7.03,light rain
03-02-2023 00:14:03,6.03,light rain
03-02-2023 02:12:38,6.03,overcast clouds
03-02-2023 05:10:12,5.03,light rain
03-02-2023 06:46:04,5.03,light rain
03-02-2023 08:16:07,4.03,light rain
03-02-2023 10:17:05,4.03,light rain
03-02-2023 12:16:51,4.03,overcast clouds
03-02-2023 14:14:03,5.03,scattered clouds
03-02-2023 16:25:12,6.03,broken clouds
03-02-2023 18:12:07,5.03,broken clouds
03-02-2023 20:17:45,5.03,broken clouds
03-02-2023 22:16:12,5.03,broken clouds
04-02-2023 00:13:48,4.03,scattered clouds
04-02-2023 02:12:29,4.03,clear sky
04-02-2023 05:05:12,4.03,clear sky
04-02-2023 06:35:10,5.03,clear sky
04-02-2023 08:15:35,5.03,clear sky
04-02-2023 10:15:41,7.03,clear sky
04-02-2023 12:15:33,7.03,clear sky
04-02-2023 14:12:53,9.03,clear sky
04-02-2023 16:23:00,8.03,scattered clouds
04-02-2023 18:11:02,6.03,clear sky
04-02-2023 20:16:55,5.03,clear sky
04-02-2023 22:14:53,3.03,clear sky
05-02-2023 00:12:33,3.03,clear sky
05-02-2023 02:11:36,4.03,overcast clouds
05-02-2023 05:12:09,6.03,few clouds
05-02-2023 06:47:25,5.03,few clouds
05-02-2023 08:15:34,6.03,scattered clouds
05-02-2023 10:15:32,7.03,few clouds
05-02-2023 12:15:49,7.03,scattered clouds
05-02-2023 14:12:43,7.03,broken clouds
05-02-2023 16:22:57,7.03,broken clouds
05-02-2023 18:10:54,6.03,broken clouds
05-02-2023 20:16:25,5.03,broken clouds
05-02-2023 22:14:40,5.03,broken clouds
06-02-2023 00:12:51,5.03,broken clouds
06-02-2023 02:12:07,4.03,broken clouds
06-02-2023 05:05:22,4.03,broken clouds
06-02-2023 06:37:04,5.03,broken clouds
06-02-2023 08:16:08,4.03,clear sky
06-02-2023 10:17:26,6.03,broken clouds
06-02-2023 12:17:29,6.03,broken clouds
06-02-2023 14:14:46,7.03,broken clouds
06-02-2023 16:26:12,7.03,scattered clouds
06-02-2023 18:12:10,6.03,scattered clouds
06-02-2023 20:17:54,5.03,broken clouds
06-02-2023 22:16:13,4.03,scattered clouds
07-02-2023 00:14:15,4.03,broken clouds
07-02-2023 02:12:24,4.03,scattered clouds
07-02-2023 05:06:49,3.03,clear sky
07-02-2023 06:37:14,4.03,broken clouds
07-02-2023 08:15:47,4.03,broken clouds
07-02-2023 10:16:44,4.03,overcast clouds
07-02-2023 12:17:01,5.03,overcast clouds
07-02-2023 14:14:24,5.03,broken clouds
07-02-2023 16:26:36,5.03,broken clouds
07-02-2023 18:12:06,4.03,overcast clouds
07-02-2023 20:18:29,3.03,overcast clouds
07-02-2023 22:16:26,2.03,light rain
08-02-2023 00:14:03,3.03,light rain
08-02-2023 02:12:53,3.03,overcast clouds
08-02-2023 05:08:16,3.03,overcast clouds
08-02-2023 06:44:58,3.03,overcast clouds
08-02-2023 08:16:42,3.03,overcast clouds
08-02-2023 10:16:45,3.03,overcast clouds
08-02-2023 12:17:39,2.03,overcast clouds
08-02-2023 14:15:57,4.27,broken clouds
08-02-2023 16:25:58,2.03,broken clouds
08-02-2023 18:12:33,1.03,broken clouds
08-02-2023 20:18:51,1.03,overcast clouds
08-02-2023 22:17:06,2.03,overcast clouds
09-02-2023 00:14:15,1.03,overcast clouds
09-02-2023 02:12:48,-0.97,overcast clouds
09-02-2023 05:06:56,-0.97,overcast clouds
09-02-2023 06:45:52,-0.97,overcast clouds
09-02-2023 08:16:04,-0.97,light snow
09-02-2023 10:18:21,0.03,light snow
09-02-2023 12:17:30,0.03,overcast clouds
09-02-2023 14:13:40,0.03,light snow
09-02-2023 16:27:55,0.03,snow
09-02-2023 18:12:48,0.03,snow
09-02-2023 20:18:47,0.03,light snow
09-02-2023 22:17:03,0.03,light snow
10-02-2023 00:14:30,0.03,scattered clouds
10-02-2023 02:13:19,0.03,broken clouds
10-02-2023 05:11:47,1.03,broken clouds
10-02-2023 06:50:15,1.03,broken clouds
10-02-2023 08:16:33,1.03,broken clouds
10-02-2023 10:18:03,1.03,overcast clouds
10-02-2023 12:17:30,1.03,light snow
10-02-2023 14:15:09,2.03,overcast clouds
10-02-2023 16:25:28,2.03,overcast clouds
10-02-2023 18:12:21,2.03,overcast clouds
10-02-2023 20:18:30,2.03,overcast clouds
10-02-2023 22:17:02,2.03,overcast clouds
11-02-2023 00:14:11,2.03,overcast clouds
11-02-2023 02:12:44,2.03,overcast clouds
11-02-2023 05:03:18,2.03,overcast clouds
11-02-2023 06:38:39,2.03,overcast clouds
11-02-2023 08:15:58,2.03,broken clouds
11-02-2023 10:15:59,4.03,broken clouds
11-02-2023 12:16:24,7.03,few clouds
11-02-2023 14:12:55,7.03,clear sky
11-02-2023 16:23:21,7.03,clear sky
11-02-2023 18:11:11,5.03,clear sky
11-02-2023 20:16:46,2.03,clear sky
12-02-2023 00:12:52,1.03,light snow
12-02-2023 02:11:40,2.03,clear sky
12-02-2023 05:12:43,-0.97,light snow
12-02-2023 06:44:51,0.03,light snow
12-02-2023 08:15:55,1.03,light snow
12-02-2023 10:16:01,4.03,light rain
12-02-2023 12:19:00,6.03,broken clouds
12-02-2023 13:17:18,5.03,broken clouds
12-02-2023 14:19:04,6.03,broken clouds
12-02-2023 15:14:59,6.03,broken clouds
12-02-2023 16:34:41,5.03,overcast clouds
12-02-2023 17:22:16,5.03,broken clouds
12-02-2023 18:16:08,5.03,scattered clouds
12-02-2023 19:18:11,5.03,scattered clouds
12-02-2023 20:24:25,5.03,broken clouds
12-02-2023 21:15:44,4.03,broken clouds
12-02-2023 22:22:08,5.03,broken clouds
12-02-2023 23:14:34,4.03,scattered clouds
13-02-2023 00:19:07,5.03,light rain
13-02-2023 01:15:49,5.03,clear sky
13-02-2023 02:17:24,4.03,clear sky
13-02-2023 03:18:24,4.03,clear sky
13-02-2023 05:44:21,3.03,clear sky
13-02-2023 06:49:55,3.03,clear sky
13-02-2023 07:24:54,3.03,clear sky
13-02-2023 08:23:53,4.03,clear sky
13-02-2023 09:18:03,5.03,clear sky
13-02-2023 10:25:13,5.03,clear sky
13-02-2023 11:17:52,7.03,clear sky
13-02-2023 12:25:59,7.03,clear sky
13-02-2023 13:20:04,8.03,clear sky
13-02-2023 14:21:50,9.03,clear sky
13-02-2023 15:16:09,8.03,clear sky
13-02-2023 16:38:00,6.03,clear sky
13-02-2023 17:26:56,5.03,scattered clouds
13-02-2023 18:17:57,5.03,few clouds
13-02-2023 19:21:04,4.03,scattered clouds
13-02-2023 20:27:19,4.03,broken clouds
13-02-2023 21:17:58,2.03,light rain
13-02-2023 22:24:32,1.03,overcast clouds
13-02-2023 23:15:34,1.03,light rain
14-02-2023 00:20:48,1.03,light rain
14-02-2023 01:17:06,1.03,overcast clouds
14-02-2023 02:18:51,1.03,few clouds
14-02-2023 03:19:49,0.03,clear sky
14-02-2023 05:44:23,-0.97,clear sky
14-02-2023 06:50:44,-1.97,clear sky
14-02-2023 07:23:34,-1.97,clear sky
14-02-2023 08:24:16,-1.97,clear sky
14-02-2023 09:18:29,1.03,clear sky
14-02-2023 10:25:03,3.03,few clouds
14-02-2023 11:18:02,5.03,scattered clouds
14-02-2023 12:25:34,5.03,clear sky
14-02-2023 13:20:02,7.03,clear sky
14-02-2023 14:21:45,8.03,clear sky
14-02-2023 15:16:31,9.03,clear sky
14-02-2023 16:40:09,9.03,clear sky
14-02-2023 17:29:06,8.03,clear sky
14-02-2023 18:18:23,6.03,clear sky
14-02-2023 19:20:33,5.03,clear sky
14-02-2023 20:27:34,5.03,clear sky
14-02-2023 21:18:19,5.03,clear sky
14-02-2023 22:24:07,5.03,clear sky
14-02-2023 23:15:38,5.03,clear sky
15-02-2023 00:20:21,5.03,clear sky
15-02-2023 01:17:15,5.03,clear sky
15-02-2023 02:18:37,5.03,clear sky
15-02-2023 03:19:17,5.03,clear sky
15-02-2023 05:44:17,4.03,clear sky
15-02-2023 06:51:21,4.03,clear sky
15-02-2023 07:24:01,4.03,clear sky
15-02-2023 08:24:22,4.03,clear sky
15-02-2023 09:18:11,5.03,clear sky
15-02-2023 10:25:12,6.03,clear sky
15-02-2023 11:17:32,7.03,clear sky
15-02-2023 12:25:21,9.03,clear sky
15-02-2023 13:19:30,10.03,clear sky
15-02-2023 14:21:29,11.03,clear sky
15-02-2023 15:16:34,13.03,clear sky
15-02-2023 16:38:43,7.03,clear sky
15-02-2023 17:28:21,8.03,clear sky
15-02-2023 18:18:01,6.03,clear sky
15-02-2023 19:20:41,5.03,clear sky
15-02-2023 20:28:05,4.03,clear sky
15-02-2023 21:18:02,4.03,clear sky
15-02-2023 22:24:22,4.03,clear sky
15-02-2023 23:16:03,3.03,few clouds
16-02-2023 00:20:45,3.03,few clouds
16-02-2023 01:17:22,3.03,clear sky
16-02-2023 02:19:03,2.03,clear sky
16-02-2023 03:19:27,3.03,clear sky
16-02-2023 05:44:36,4.03,broken clouds
16-02-2023 06:49:30,3.03,broken clouds
16-02-2023 07:22:41,3.03,scattered clouds
16-02-2023 08:23:59,3.03,few clouds
16-02-2023 09:18:15,3.03,broken clouds
16-02-2023 10:24:47,4.03,scattered clouds
16-02-2023 11:17:34,5.03,scattered clouds
16-02-2023 12:24:53,5.03,broken clouds
16-02-2023 13:19:29,5.03,broken clouds
16-02-2023 14:21:06,5.03,broken clouds
16-02-2023 15:16:17,5.03,broken clouds
16-02-2023 16:37:41,5.03,broken clouds
16-02-2023 17:32:21,4.03,broken clouds
16-02-2023 18:17:57,3.03,broken clouds
16-02-2023 19:20:14,3.03,overcast clouds
16-02-2023 20:27:32,3.03,light rain
16-02-2023 21:16:13,2.03,overcast clouds
16-02-2023 22:23:05,2.03,light rain
16-02-2023 23:14:20,2.03,overcast clouds
17-02-2023 00:20:17,2.03,overcast clouds
17-02-2023 01:17:03,1.03,light rain and snow
17-02-2023 02:18:33,1.03,overcast clouds
17-02-2023 03:20:11,1.03,overcast clouds
17-02-2023 05:46:34,0.03,mist
17-02-2023 06:53:34,0.03,fog
17-02-2023 07:25:02,0.03,fog
17-02-2023 08:23:59,1.03,mist
17-02-2023 09:18:03,1.03,light snow
17-02-2023 10:24:56,2.03,broken clouds
17-02-2023 11:17:25,3.03,broken clouds
17-02-2023 12:25:04,4.03,broken clouds
17-02-2023 13:19:07,4.03,broken clouds
17-02-2023 14:21:16,4.03,broken clouds
17-02-2023 15:16:06,5.03,broken clouds
17-02-2023 16:36:41,4.03,broken clouds
17-02-2023 17:25:40,4.03,broken clouds
17-02-2023 18:17:41,4.03,broken clouds
17-02-2023 19:19:56,3.03,clear sky
17-02-2023 20:26:19,3.03,clear sky
17-02-2023 21:17:08,1.03,few clouds
17-02-2023 22:24:10,2.03,scattered clouds
17-02-2023 23:15:20,3.03,broken clouds
18-02-2023 00:20:16,2.03,scattered clouds
18-02-2023 01:16:40,1.03,clear sky
18-02-2023 02:18:37,1.03,clear sky
18-02-2023 03:19:13,-0.97,clear sky
18-02-2023 05:40:38,3.03,clear sky
18-02-2023 06:45:32,2.03,clear sky
18-02-2023 07:19:39,5.03,clear sky
18-02-2023 08:36:50,5.03,clear sky
18-02-2023 09:17:12,6.03,clear sky
18-02-2023 10:22:41,8.03,clear sky
18-02-2023 11:16:26,10.03,clear sky
18-02-2023 12:22:58,10.03,clear sky
18-02-2023 13:17:37,10.03,clear sky
18-02-2023 14:18:57,10.03,clear sky
18-02-2023 15:15:56,10.03,clear sky
18-02-2023 16:34:08,9.03,clear sky
18-02-2023 17:22:21,9.03,clear sky
18-02-2023 18:16:03,8.03,clear sky
18-02-2023 19:18:25,8.03,clear sky
18-02-2023 20:24:50,7.03,clear sky
18-02-2023 21:16:22,7.03,clear sky
18-02-2023 22:22:24,7.03,clear sky
18-02-2023 23:14:11,8.03,clear sky
19-02-2023 00:19:00,7.03,clear sky
19-02-2023 01:15:44,7.03,clear sky
19-02-2023 02:17:31,7.03,clear sky
19-02-2023 03:18:33,7.03,clear sky
19-02-2023 05:44:23,6.03,clear sky
19-02-2023 06:50:51,5.03,clear sky
19-02-2023 07:23:12,5.03,clear sky
19-02-2023 08:23:05,9.03,clear sky
19-02-2023 09:17:10,10.03,clear sky
19-02-2023 10:23:09,12.03,clear sky
19-02-2023 11:16:40,15.03,clear sky
19-02-2023 12:23:15,18.03,clear sky
19-02-2023 13:17:36,18.03,clear sky
19-02-2023 14:19:34,17.03,clear sky
19-02-2023 15:15:00,17.03,clear sky
19-02-2023 16:35:03,10.03,clear sky
19-02-2023 17:22:36,9.03,clear sky
19-02-2023 18:16:18,7.03,clear sky
19-02-2023 19:18:16,7.03,clear sky
19-02-2023 20:24:32,6.03,clear sky
19-02-2023 21:16:03,6.03,clear sky
19-02-2023 22:22:25,6.03,clear sky
19-02-2023 23:14:37,6.03,clear sky
20-02-2023 00:19:18,7.03,clear sky
20-02-2023 01:16:02,6.03,clear sky
20-02-2023 02:17:38,5.03,clear sky
20-02-2023 03:18:38,4.03,clear sky
20-02-2023 05:44:24,3.03,clear sky
20-02-2023 06:52:42,5.03,clear sky
20-02-2023 07:26:45,4.03,clear sky
20-02-2023 08:23:57,6.03,clear sky
20-02-2023 09:18:12,8.03,clear sky
20-02-2023 10:25:17,12.03,clear sky
20-02-2023 11:18:07,15.03,clear sky
20-02-2023 12:25:50,18.03,clear sky
20-02-2023 13:20:15,16.03,clear sky
20-02-2023 14:22:42,16.03,clear sky
20-02-2023 15:16:19,19.03,clear sky
20-02-2023 16:37:57,15.03,clear sky
20-02-2023 17:26:47,14.03,clear sky
20-02-2023 18:18:51,12.03,clear sky
20-02-2023 19:20:33,11.03,clear sky
20-02-2023 20:26:47,12.03,clear sky
20-02-2023 21:17:26,12.03,clear sky
20-02-2023 22:23:41,12.03,clear sky
20-02-2023 23:15:01,13.03,clear sky
21-02-2023 00:20:10,11.03,clear sky
21-02-2023 01:16:33,11.03,clear sky
21-02-2023 02:18:08,13.03,clear sky
21-02-2023 03:18:57,15.03,clear sky
21-02-2023 05:45:25,7.03,overcast clouds
21-02-2023 06:52:21,7.03,overcast clouds
21-02-2023 07:24:20,6.03,overcast clouds
21-02-2023 08:23:57,6.03,scattered clouds
21-02-2023 09:17:41,6.03,scattered clouds
21-02-2023 10:24:52,6.03,scattered clouds
21-02-2023 11:17:36,6.03,scattered clouds
21-02-2023 12:24:50,6.03,broken clouds
21-02-2023 13:19:39,6.03,broken clouds
21-02-2023 14:21:14,6.03,broken clouds
21-02-2023 15:16:38,7.03,clear sky
21-02-2023 16:37:33,7.03,clear sky
21-02-2023 17:26:33,7.03,clear sky
21-02-2023 18:18:09,6.03,clear sky
21-02-2023 19:20:27,5.03,clear sky
21-02-2023 20:25:56,6.03,clear sky
21-02-2023 21:17:43,7.03,scattered clouds
21-02-2023 22:24:23,7.03,few clouds
21-02-2023 23:15:39,8.03,clear sky
22-02-2023 00:21:19,8.03,clear sky
22-02-2023 01:17:20,7.03,clear sky
22-02-2023 02:19:01,8.03,clear sky
22-02-2023 03:19:37,4.03,clear sky
22-02-2023 05:41:38,12.03,clear sky
22-02-2023 06:50:16,12.03,clear sky
22-02-2023 07:23:20,13.03,clear sky
22-02-2023 08:24:29,11.03,clear sky
22-02-2023 09:18:19,13.03,clear sky
22-02-2023 10:25:26,16.03,clear sky
22-02-2023 11:17:46,9.03,clear sky
22-02-2023 12:25:33,9.03,few clouds
22-02-2023 13:19:48,10.03,clear sky
22-02-2023 14:21:44,10.03,clear sky
22-02-2023 15:16:33,11.03,clear sky
22-02-2023 16:38:42,11.03,clear sky
22-02-2023 17:27:43,11.03,clear sky
22-02-2023 18:18:09,9.03,clear sky
22-02-2023 19:20:46,8.03,clear sky
22-02-2023 20:27:21,8.03,clear sky
22-02-2023 21:17:51,6.03,clear sky
22-02-2023 22:24:34,7.03,clear sky
22-02-2023 23:14:29,6.03,clear sky
23-02-2023 00:20:51,4.03,clear sky
23-02-2023 01:17:11,3.03,clear sky
23-02-2023 02:17:21,3.03,clear sky
23-02-2023 03:18:12,5.03,clear sky
23-02-2023 05:39:34,3.03,clear sky
23-02-2023 06:47:52,4.03,clear sky
23-02-2023 07:21:18,4.03,clear sky
23-02-2023 08:24:23,4.03,clear sky
23-02-2023 09:18:03,5.03,clear sky
23-02-2023 10:24:35,8.03,clear sky
23-02-2023 11:17:31,9.03,clear sky
23-02-2023 12:24:49,9.03,clear sky
23-02-2023 13:19:06,9.03,few clouds
23-02-2023 14:21:17,7.03,scattered clouds
23-02-2023 15:16:41,7.03,scattered clouds
23-02-2023 16:39:31,5.03,light rain
23-02-2023 17:32:58,4.03,overcast clouds
23-02-2023 18:19:18,4.03,light rain
23-02-2023 19:20:44,4.03,overcast clouds
23-02-2023 20:28:05,4.03,overcast clouds
23-02-2023 21:18:19,4.03,overcast clouds
23-02-2023 22:25:20,4.03,clear sky
23-02-2023 23:16:00,4.03,clear sky
24-02-2023 00:20:58,4.03,overcast clouds
24-02-2023 01:17:38,3.03,light rain
24-02-2023 02:19:06,3.03,light rain
24-02-2023 03:20:18,3.03,overcast clouds
24-02-2023 05:41:21,3.03,overcast clouds
24-02-2023 06:49:18,3.03,light rain
24-02-2023 07:22:59,2.03,light rain
24-02-2023 08:24:30,2.03,light rain
24-02-2023 09:18:09,2.03,light rain and snow
24-02-2023 10:25:31,2.03,light snow
24-02-2023 11:17:37,2.03,light snow
24-02-2023 12:25:07,2.03,light snow
24-02-2023 13:19:30,3.03,broken clouds
24-02-2023 14:21:32,3.03,broken clouds
24-02-2023 15:16:49,3.03,scattered clouds
24-02-2023 16:37:37,3.03,broken clouds
24-02-2023 17:26:58,2.03,broken clouds
24-02-2023 18:17:50,2.03,scattered clouds
24-02-2023 19:18:46,2.03,broken clouds
24-02-2023 20:27:09,2.03,broken clouds
24-02-2023 21:18:14,1.03,clear sky
24-02-2023 22:24:38,1.03,clear sky
24-02-2023 23:15:37,2.03,clear sky
25-02-2023 00:21:03,1.03,broken clouds
25-02-2023 01:15:39,2.03,few clouds
25-02-2023 02:19:04,4.03,scattered clouds
25-02-2023 03:19:28,5.03,broken clouds
25-02-2023 05:42:47,5.03,overcast clouds
25-02-2023 06:50:24,5.03,overcast clouds
25-02-2023 07:23:14,5.03,broken clouds
25-02-2023 08:23:43,5.03,broken clouds
25-02-2023 09:17:25,5.03,broken clouds
25-02-2023 10:23:28,6.03,broken clouds
25-02-2023 11:16:39,7.03,scattered clouds
25-02-2023 12:23:16,7.03,scattered clouds
25-02-2023 13:17:55,8.03,broken clouds
25-02-2023 14:19:18,7.03,broken clouds
25-02-2023 15:15:02,7.03,broken clouds
25-02-2023 16:34:31,8.03,broken clouds
25-02-2023 17:22:15,7.03,broken clouds
25-02-2023 18:16:15,7.03,broken clouds
25-02-2023 19:17:53,7.03,broken clouds
25-02-2023 20:24:39,7.03,broken clouds
25-02-2023 21:16:26,7.03,broken clouds
25-02-2023 22:23:11,7.03,broken clouds
25-02-2023 23:14:45,7.03,broken clouds
26-02-2023 00:19:53,7.03,broken clouds
26-02-2023 01:16:06,7.03,broken clouds
26-02-2023 02:17:50,6.03,scattered clouds
26-02-2023 03:18:52,5.03,few clouds
26-02-2023 05:50:46,6.03,clear sky
26-02-2023 06:58:53,5.03,clear sky
26-02-2023 07:31:40,5.03,clear sky
26-02-2023 08:23:23,5.03,clear sky
26-02-2023 09:17:51,7.03,clear sky
26-02-2023 10:24:01,9.03,clear sky
26-02-2023 11:17:00,9.03,clear sky
26-02-2023 12:23:29,10.03,clear sky
26-02-2023 13:17:56,11.03,clear sky
26-02-2023 14:19:41,12.03,clear sky
26-02-2023 15:15:29,12.03,clear sky
26-02-2023 16:36:06,12.03,clear sky
26-02-2023 17:23:46,12.03,clear sky
26-02-2023 18:16:31,10.03,clear sky
26-02-2023 19:18:27,8.03,clear sky
26-02-2023 20:24:59,9.3,clear sky
26-02-2023 21:16:19,8.03,clear sky
26-02-2023 22:22:33,7.03,clear sky
26-02-2023 23:14:54,7.03,clear sky
27-02-2023 00:19:27,7.03,clear sky
27-02-2023 01:15:48,7.03,clear sky
27-02-2023 02:17:51,7.03,clear sky
27-02-2023 03:18:52,7.03,clear sky
27-02-2023 05:44:03,7.03,clear sky
27-02-2023 06:51:49,7.03,mist
27-02-2023 07:24:15,7.03,fog
27-02-2023 08:24:14,7.03,fog
27-02-2023 09:18:17,7.03,fog
27-02-2023 10:26:00,7.03,fog
27-02-2023 11:18:14,8.03,fog
27-02-2023 12:26:12,8.03,mist
27-02-2023 13:20:35,9.03,mist
27-02-2023 14:22:24,10.03,broken clouds
27-02-2023 15:16:54,10.03,scattered clouds
27-02-2023 16:39:43,9.03,few clouds
27-02-2023 17:29:03,9.03,scattered clouds
27-02-2023 18:18:39,6.03,mist
27-02-2023 19:20:50,5.03,fog
27-02-2023 20:28:16,4.03,fog
27-02-2023 21:18:30,4.03,fog
27-02-2023 22:25:14,5.03,fog
27-02-2023 23:15:44,5.03,fog
28-02-2023 00:21:17,6.03,fog
28-02-2023 01:17:46,6.03,fog
28-02-2023 02:19:29,5.03,fog
28-02-2023 03:20:19,5.03,fog
28-02-2023 05:43:30,5.03,fog
28-02-2023 06:50:19,5.03,fog
28-02-2023 07:23:59,5.03,fog
28-02-2023 08:24:17,6.03,fog
28-02-2023 09:18:46,6.03,fog
28-02-2023 10:25:39,5.03,fog
28-02-2023 11:18:04,5.03,fog
28-02-2023 12:26:09,7.03,mist
28-02-2023 13:20:23,10.03,few clouds
28-02-2023 14:22:10,13.03,clear sky
28-02-2023 15:16:38,16.03,clear sky
28-02-2023 16:38:35,14.03,clear sky
28-02-2023 17:28:18,13.03,scattered clouds
28-02-2023 18:18:51,8.03,broken clouds
28-02-2023 19:20:33,5.03,fog
28-02-2023 20:27:56,4.03,fog
28-02-2023 21:18:16,4.03,fog
28-02-2023 22:25:10,4.03,fog
28-02-2023 23:16:02,4.03,fog
01-03-2023 00:21:05,4.03,fog
01-03-2023 01:17:34,4.03,fog
01-03-2023 02:19:13,4.03,fog
01-03-2023 03:19:41,4.03,fog
01-03-2023 05:52:43,5.03,fog
01-03-2023 07:01:17,5.03,fog
01-03-2023 08:24:25,6.03,fog
01-03-2023 09:18:44,6.03,mist
01-03-2023 10:26:16,8.03,clear sky
01-03-2023 11:17:25,10.03,clear sky
01-03-2023 12:26:15,12.03,scattered clouds
01-03-2023 13:20:26,13.03,scattered clouds
01-03-2023 14:22:06,12.03,clear sky
01-03-2023 15:17:07,12.03,clear sky
01-03-2023 16:39:24,10.03,clear sky
01-03-2023 17:28:39,10.03,clear sky
01-03-2023 18:18:23,9.03,clear sky
01-03-2023 19:21:25,7.03,overcast clouds
01-03-2023 20:28:21,6.03,scattered clouds
01-03-2023 21:18:31,6.03,broken clouds
01-03-2023 22:25:10,6.03,mist
01-03-2023 23:16:06,6.03,mist
02-03-2023 00:21:16,6.03,broken clouds
02-03-2023 01:17:43,6.03,overcast clouds
02-03-2023 02:18:35,6.03,overcast clouds
02-03-2023 03:19:56,6.03,overcast clouds
02-03-2023 05:49:20,6.03,broken clouds
02-03-2023 06:55:49,6.03,broken clouds
02-03-2023 07:27:56,5.03,few clouds
02-03-2023 08:24:32,6.03,clear sky
02-03-2023 09:18:32,8.03,clear sky
02-03-2023 10:25:27,9.03,clear sky
02-03-2023 11:18:03,9.03,scattered clouds
02-03-2023 12:25:47,10.03,scattered clouds
02-03-2023 13:19:49,9.03,clear sky
02-03-2023 14:21:45,10.03,clear sky
02-03-2023 15:17:09,10.03,few clouds
02-03-2023 16:37:47,9.03,scattered clouds
02-03-2023 17:32:51,9.03,scattered clouds
02-03-2023 18:18:34,8.03,broken clouds
02-03-2023 19:21:05,7.03,overcast clouds
02-03-2023 20:28:26,7.03,overcast clouds
02-03-2023 21:18:18,7.03,overcast clouds
02-03-2023 22:28:24,7.03,overcast clouds
02-03-2023 23:15:35,7.03,overcast clouds
03-03-2023 00:21:23,6.03,broken clouds
03-03-2023 01:17:28,6.03,broken clouds
03-03-2023 02:18:14,5.03,clear sky
03-03-2023 07:29:23,6.03,clear sky
03-03-2023 08:47:18,6.03,clear sky
03-03-2023 09:21:57,7.03,overcast clouds
03-03-2023 10:25:14,7.03,overcast clouds
03-03-2023 11:18:08,8.03,overcast clouds
03-03-2023 12:24:26,8.03,overcast clouds
03-03-2023 13:19:36,9.03,broken clouds
03-03-2023 14:21:22,8.03,broken clouds
03-03-2023 15:16:28,8.03,broken clouds
03-03-2023 16:36:25,8.03,broken clouds
03-03-2023 17:25:42,8.03,broken clouds
03-03-2023 18:17:52,8.03,broken clouds
03-03-2023 19:20:35,8.03,broken clouds
03-03-2023 20:26:30,8.03,broken clouds
03-03-2023 21:18:05,8.03,scattered clouds
03-03-2023 22:25:10,8.03,scattered clouds
03-03-2023 23:15:44,8.03,scattered clouds
04-03-2023 00:20:42,8.03,scattered clouds
04-03-2023 01:16:09,8.03,scattered clouds
04-03-2023 02:19:06,8.03,clear sky
04-03-2023 03:19:47,8.03,scattered clouds
04-03-2023 05:40:46,8.03,clear sky
04-03-2023 06:46:41,8.03,clear sky
04-03-2023 07:20:39,8.03,clear sky
04-03-2023 08:23:36,9.03,clear sky
04-03-2023 09:17:13,8.03,few clouds
04-03-2023 10:23:30,8.03,broken clouds
04-03-2023 11:16:40,9.03,scattered clouds
04-03-2023 12:23:22,10.03,few clouds
04-03-2023 13:17:48,11.03,few clouds
04-03-2023 14:19:18,12.03,clear sky
04-03-2023 15:15:07,11.03,clear sky
04-03-2023 16:34:47,9.03,broken clouds
04-03-2023 17:22:19,8.03,broken clouds
04-03-2023 18:16:21,8.03,clear sky
04-03-2023 19:18:24,7.03,clear sky
04-03-2023 20:24:40,7.03,clear sky
04-03-2023 21:15:52,7.03,clear sky
04-03-2023 22:22:33,7.03,clear sky
04-03-2023 23:14:43,7.03,clear sky
05-03-2023 00:18:59,6.03,clear sky
05-03-2023 01:15:46,6.03,clear sky
05-03-2023 02:17:27,6.03,clear sky
05-03-2023 03:18:28,5.03,clear sky
05-03-2023 05:56:07,3.03,clear sky
05-03-2023 07:02:23,4.03,clear sky
05-03-2023 08:23:15,5.03,clear sky
05-03-2023 09:17:26,7.03,few clouds
05-03-2023 10:23:12,8.03,scattered clouds
05-03-2023 11:16:55,9.03,broken clouds
05-03-2023 12:23:01,10.03,scattered clouds
05-03-2023 13:17:49,11.03,scattered clouds
05-03-2023 14:19:28,11.03,few clouds
05-03-2023 15:15:08,11.03,few clouds
05-03-2023 16:34:59,11.03,scattered clouds
05-03-2023 17:22:26,11.03,clear sky
05-03-2023 18:16:26,10.03,clear sky
05-03-2023 19:18:25,10.03,clear sky
05-03-2023 20:24:43,10.03,clear sky
05-03-2023 21:16:05,10.03,clear sky
05-03-2023 22:22:21,10.03,clear sky
05-03-2023 23:14:42,10.03,clear sky
06-03-2023 00:19:25,7.03,clear sky
06-03-2023 01:16:03,8.03,clear sky
06-03-2023 02:17:59,7.03,clear sky
06-03-2023 03:18:47,6.03,clear sky
06-03-2023 05:45:50,9.03,clear sky
06-03-2023 06:53:37,9.03,clear sky
06-03-2023 07:25:15,9.03,clear sky
06-03-2023 08:24:24,10.03,clear sky
06-03-2023 09:18:40,11.03,clear sky
06-03-2023 10:25:45,12.03,clear sky
06-03-2023 11:18:14,12.03,clear sky
06-03-2023 12:26:08,12.03,clear sky
06-03-2023 13:20:21,12.03,broken clouds
06-03-2023 14:21:43,12.03,clear sky
06-03-2023 15:16:52,11.03,few clouds
06-03-2023 16:39:03,12.03,scattered clouds
06-03-2023 17:28:22,11.03,scattered clouds
06-03-2023 18:18:26,11.03,scattered clouds
06-03-2023 19:21:24,12.03,scattered clouds
06-03-2023 20:27:42,17.03,scattered clouds
06-03-2023 21:18:54,17.03,scattered clouds
06-03-2023 22:25:28,7.03,broken clouds
06-03-2023 23:15:44,8.03,broken clouds
07-03-2023 00:21:16,8.03,broken clouds
07-03-2023 01:16:33,8.03,broken clouds
07-03-2023 02:19:25,8.03,broken clouds
07-03-2023 03:20:14,8.03,broken clouds
07-03-2023 05:50:58,8.03,light intensity shower rain
07-03-2023 07:00:55,8.03,light intensity shower rain
07-03-2023 08:24:30,8.03,broken clouds
07-03-2023 09:18:56,8.03,clear sky
07-03-2023 10:25:33,7.03,light rain
07-03-2023 11:17:28,7.03,light rain
07-03-2023 12:25:21,7.03,broken clouds
07-03-2023 13:20:11,8.03,broken clouds
07-03-2023 14:22:16,7.03,broken clouds
07-03-2023 15:17:02,8.03,few clouds
07-03-2023 16:39:09,7.03,clear sky
07-03-2023 17:29:02,7.03,clear sky
07-03-2023 18:18:43,6.03,clear sky
07-03-2023 19:19:48,5.03,clear sky
07-03-2023 20:27:49,5.03,clear sky
07-03-2023 21:18:21,5.03,clear sky
07-03-2023 22:25:07,3.03,few clouds
07-03-2023 23:15:46,4.03,clear sky
08-03-2023 00:21:07,3.03,clear sky
08-03-2023 01:17:32,3.03,clear sky
08-03-2023 02:19:06,4.03,overcast clouds
08-03-2023 03:20:20,5.03,overcast clouds
08-03-2023 05:48:03,7.03,overcast clouds
08-03-2023 06:55:31,7.03,overcast clouds
